{
    "name": "TAB Impact Results for Impact Assessment Drupal Table",
    "description": null,
    "columnnames": [
        "HAZARD_EVENT_ID",
        "HAZEVENT_NAME",
        "IMPACTCASE_ID",
        "EARTYPE_ID",
        "NAME",
        "QUANTITYUNIT",
        "VULNERABILITYCLASS_ID",
        "VULCLASS_NAME",
        "EXPOSEDQUANTITY",
        "DAMAGELEVEL1QUANTITY",
        "DAMAGELEVEL2QUANTITY",
        "DAMAGELEVEL3QUANTITY",
        "DAMAGELEVEL4QUANTITY",
        "DAMAGELEVEL5QUANTITY",
        "SZM_SZENARIO_REF"
    ],
    "rows": [
        {
            "rownum": 0,
            "values": [
                3.0,
                "Heat wave 32°, 6 days",
                1.0,
                1.0,
                "people",
                "number of people",
                26.0,
                "Age 15-65",
                2013390.2806908817,
                689879.885948715,
                893760.4619040056,
                352768.1264706243,
                68369.62875646229,
                8613.287851397567,
                2846.0
            ]
        },
        {
            "rownum": 1,
            "values": [
                4.0,
                "Heat wave 34°, 6 days",
                1.0,
                1.0,
                "people",
                "number of people",
                21.0,
                "Age>65",
                454357.1632368024,
                151060.2776822137,
                204410.9843820419,
                81114.02026484057,
                15742.797276234507,
                2029.308167624669,
                2846.0
            ]
        },
        {
            "rownum": 2,
            "values": [
                2.0,
                "Heat wave 30°, 6 days",
                1.0,
                1.0,
                "people",
                "number of people",
                25.0,
                "Age<14",
                510715.82268084603,
                179715.57885619006,
                224107.70856830868,
                87799.0156008794,
                16995.576479022744,
                2098.2481513085595,
                2846.0
            ]
        },
        {
            "rownum": 3,
            "values": [
                2.0,
                "Heat wave 30°, 6 days",
                1.0,
                1.0,
                "people",
                "number of people",
                26.0,
                "Age 15-65",
                2013390.2806908817,
                706321.514291959,
                884707.4359836205,
                346891.81637546123,
                67158.94481121088,
                8311.760548468555,
                2846.0
            ]
        },
        {
            "rownum": 4,
            "values": [
                1.0,
                "Heat wave 28°, 6 days",
                1.0,
                1.0,
                "people",
                "number of people",
                25.0,
                "Age<14",
                510715.82268084603,
                183806.62373621407,
                222023.05535430455,
                86193.92597731506,
                16668.559727676176,
                2023.9799082222978,
                2846.0
            ]
        },
        {
            "rownum": 5,
            "values": [
                3.0,
                "Heat wave 32°, 6 days",
                1.0,
                1.0,
                "people",
                "number of people",
                25.0,
                "Age<14",
                510715.82268084603,
                175537.4274064984,
                226389.9105260078,
                89307.92740073413,
                17306.0526032036,
                2174.7894570201934,
                2846.0
            ]
        },
        {
            "rownum": 6,
            "values": [
                4.0,
                "Heat wave 34°, 6 days",
                1.0,
                1.0,
                "people",
                "number of people",
                26.0,
                "Age 15-65",
                2013390.2806908817,
                674337.5765394906,
                902816.4891467047,
                357899.0241199999,
                69437.64291121262,
                8900.572295116375,
                2846.0
            ]
        },
        {
            "rownum": 7,
            "values": [
                1.0,
                "Heat wave 28°, 6 days",
                1.0,
                1.0,
                "people",
                "number of people",
                26.0,
                "Age 15-65",
                2013390.2806908817,
                722267.5368830286,
                876486.6595182078,
                340716.5768676726,
                65898.91837718479,
                8021.848587191408,
                2846.0
            ]
        },
        {
            "rownum": 8,
            "values": [
                3.0,
                "Heat wave 32°, 6 days",
                1.0,
                1.0,
                "people",
                "number of people",
                21.0,
                "Age>65",
                454357.1632368024,
                154515.53584260793,
                202382.70419768427,
                79986.12708686668,
                15507.666716825908,
                1965.3733091845436,
                2846.0
            ]
        },
        {
            "rownum": 9,
            "values": [
                2.0,
                "Heat wave 30°, 6 days",
                1.0,
                1.0,
                "people",
                "number of people",
                21.0,
                "Age>65",
                454357.1632368024,
                158188.98353545484,
                200327.32476847252,
                78701.0679816806,
                15242.192372176187,
                1897.8572195673996,
                2846.0
            ]
        },
        {
            "rownum": 10,
            "values": [
                1.0,
                "Heat wave 28°, 6 days",
                1.0,
                1.0,
                "people",
                "number of people",
                21.0,
                "Age>65",
                454357.1632368024,
                161716.4265359685,
                198456.21503362886,
                77379.78379149882,
                14971.528687694556,
                1833.4878989873525,
                2846.0
            ]
        },
        {
            "rownum": 11,
            "values": [
                4.0,
                "Heat wave 34°, 6 days",
                1.0,
                1.0,
                "people",
                "number of people",
                25.0,
                "Age<14",
                510715.82268084603,
                171562.54562577227,
                228699.18399835954,
                90625.89375531631,
                17580.231461702322,
                2248.2307049611322,
                2846.0
            ]
        }
    ]
}